hdbscan_label,display_label,n,dominant_mutation_fraction,mean_residual
0,C35G,381,0.9921259842519685,-0.5075728543630735
1,G12C,311,1.0,-0.7110734676816456
2,C37G,246,0.967479674796748,-0.6798731519923946
3,A29G,231,0.9783549783549783,-0.7092023945990062
4,A27G,337,0.9940652818991098,-0.5297728037621925
5,A16U,187,0.983957219251337,-0.6685867483284385
6,U9C,156,0.9807692307692307,-0.7195259019350394
7,C35U,201,0.9552238805970149,-0.7204154563780448
8,mixed,4712,nan,-0.6387183024517952
9,U13C,312,0.9903846153846154,-0.691283290202801
