position_1based,wt_base,in_constrained_motif,n_observed_mutations,mean_rescue_contribution,median_rescue_contribution,sem_rescue_contribution,fraction_positive
1,A,False,19,0.06600505427310341,0.05316805839538574,0.02006652909284329,0.7894736842105263
2,A,False,26,0.0399136680823106,0.0395658016204834,0.016802977182450208,0.7692307692307693
3,G,False,39,0.3783709926482959,0.3348050117492676,0.03168660216649164,1.0
4,G,False,27,0.21071730278156423,0.18288493156433105,0.025684492409242858,1.0
5,A,False,23,-0.11391082017318062,-0.10487985610961914,0.014868591836224876,0.08695652173913043
6,C,False,22,-0.04089222171089866,-0.04430270195007324,0.02000233597807621,0.36363636363636365
7,A,False,24,-0.055838584899902344,-0.037831664085388184,0.027736469123461914,0.375
8,C,False,27,-0.1269284795831751,-0.1389319896697998,0.016979685266663668,0.07407407407407407
9,U,False,28,0.12376078111784798,-0.005078911781311035,0.048876711980358055,0.4642857142857143
10,A,False,32,0.16322319395840168,0.06837320327758789,0.04097018411000625,0.6875
11,A,False,31,0.21330913228373374,0.16711151599884033,0.044190009524313824,0.8064516129032258
12,G,False,33,0.09517114090197014,0.08513808250427246,0.04360883427539022,0.5757575757575758
13,U,False,25,0.7126691865921021,0.47783565521240234,0.15408374447412893,0.84
14,A,False,36,1.0329487952921126,0.10346388816833496,0.2481855248593613,0.6111111111111112
15,C,False,19,-0.29457609904439824,-0.3083655834197998,0.010658016151197415,0.0
16,A,False,38,0.15398910798524557,0.10118299722671509,0.046112787056879996,0.631578947368421
17,G,False,25,0.00969879150390625,-0.064689040184021,0.07153476408890905,0.32
18,G,False,28,0.5464066171220371,0.05782365798950195,0.1874300210500563,0.6428571428571429
19,U,False,31,0.7707845491747702,0.3886204957962036,0.18526817932450368,0.7096774193548387
20,U,False,45,1.8463613629341125,1.7483724355697632,0.18536003182249594,0.9111111111111111
21,G,True,56,2.5615736299327443,3.268963634967804,0.2038310020413532,0.9107142857142857
22,C,True,54,2.7024006998097456,3.412746787071228,0.18433924654528283,0.9444444444444444
23,U,False,35,1.3464491324765342,1.3715052604675293,0.15860892262633694,0.9714285714285714
24,G,True,58,2.530277534291662,3.191579282283783,0.20038116147258464,0.8620689655172413
25,G,True,55,2.3164145854386415,2.775064468383789,0.19224530199072346,0.8363636363636363
26,C,False,29,0.8648809667291313,0.6269950270652771,0.18223502354561885,0.7241379310344828
27,A,False,43,2.2963040332461513,2.560376286506653,0.22950253537354146,0.9302325581395349
28,C,False,27,0.6780286894904243,0.23546195030212402,0.2131126130307602,0.7037037037037037
29,A,False,35,1.5809876663344247,1.2902688384056091,0.18477908447270702,1.0
30,G,False,17,-0.11667831505046171,-0.20688486099243164,0.052574043675784436,0.35294117647058826
31,G,False,16,0.22019001841545105,-0.2857595682144165,0.2644634722739457,0.25
32,G,False,19,0.24564696456256666,0.013924121856689453,0.12619621923585309,0.5263157894736842
33,C,False,38,1.808552589855696,1.7797539234161377,0.2574255209403045,0.7894736842105263
34,G,False,21,-0.24378317310696557,-0.27981996536254883,0.025607063887736724,0.047619047619047616
35,C,False,43,2.525655210018158,3.4493393898010254,0.2552429247420488,0.8604651162790697
36,U,False,42,1.6540290734597616,0.8335993587970734,0.2670790352408123,0.8095238095238095
37,C,False,35,0.5170848148209708,0.1088869571685791,0.1722194016353884,0.6285714285714286
38,A,False,37,0.8976109245338956,0.5231861472129822,0.15302822556951567,0.972972972972973
39,U,False,34,-0.06909116927315206,-0.06238424777984619,0.013173051976161905,0.14705882352941177
40,A,False,20,-0.06274251341819763,-0.10535484552383423,0.03333181774891255,0.35
41,A,False,21,-0.10038748809269496,-0.09693264961242676,0.01870590637022985,0.19047619047619047
