position,wt_nucleotide,A,C,G,U
1,A,0.7043740573152338,0.08295625942684766,0.09653092006033183,0.11613876319758673
2,A,0.6968325791855203,0.07541478129713423,0.1191553544494721,0.1085972850678733
3,G,0.11764705882352941,0.1085972850678733,0.6711915535444947,0.10256410256410256
4,G,0.08748114630467571,0.11312217194570136,0.6968325791855203,0.10256410256410256
5,A,0.7722473604826546,0.07541478129713423,0.0693815987933635,0.08295625942684766
6,C,0.09049773755656108,0.7450980392156863,0.07088989441930618,0.09351432880844646
7,A,0.7375565610859729,0.08748114630467571,0.07239819004524888,0.10256410256410256
8,C,0.08597285067873303,0.7420814479638009,0.06184012066365008,0.11010558069381599
9,U,0.10256410256410256,0.12518853695324283,0.10407239819004525,0.6681749622926093
10,A,0.7013574660633484,0.11161387631975868,0.10105580693815988,0.08597285067873303
11,A,0.6817496229260935,0.11764705882352941,0.1085972850678733,0.09200603318250378
12,G,0.09351432880844646,0.1297134238310709,0.6847662141779789,0.09200603318250378
13,U,0.09200603318250378,0.13725490196078433,0.14027149321266968,0.6304675716440422
14,A,0.6500754147812972,0.08597285067873303,0.1779788838612368,0.08597285067873303
15,C,0.05279034690799397,0.8431372549019608,0.042232277526395176,0.06184012066365008
16,A,0.6953242835595776,0.08748114630467571,0.08597285067873303,0.13122171945701358
17,G,0.0784313725490196,0.09653092006033183,0.7345399698340875,0.09049773755656108
18,G,0.07390648567119155,0.14479638009049775,0.702865761689291,0.0784313725490196
19,U,0.08446455505279035,0.1568627450980392,0.0784313725490196,0.6802413273001509
20,U,0.1085972850678733,0.1870286576168929,0.15987933634992457,0.5444947209653092
21,G,0.2081447963800905,0.24283559577677225,0.3740573152337858,0.17496229260935142
22,C,0.15384615384615385,0.4841628959276018,0.19306184012066366,0.1689291101055807
23,U,0.10105580693815988,0.13423831070889894,0.11764705882352941,0.6470588235294118
24,G,0.19457013574660634,0.18552036199095023,0.47058823529411764,0.1493212669683258
25,G,0.15384615384615385,0.1779788838612368,0.5203619909502263,0.1478129713423831
26,C,0.08597285067873303,0.6968325791855203,0.14630467571644043,0.07088989441930618
27,A,0.5052790346907994,0.11613876319758673,0.3092006033182504,0.0693815987933635
28,C,0.06787330316742081,0.7767722473604827,0.12669683257918551,0.02865761689291101
29,A,0.6153846153846154,0.13725490196078433,0.1085972850678733,0.138763197586727
30,G,0.07541478129713423,0.05279034690799397,0.8280542986425339,0.043740573152337855
31,G,0.042232277526395176,0.06787330316742081,0.8506787330316742,0.0392156862745098
32,G,0.0693815987933635,0.13273001508295626,0.7300150829562594,0.06787330316742081
33,C,0.06334841628959276,0.6425339366515838,0.23529411764705882,0.058823529411764705
34,G,0.05731523378582202,0.0693815987933635,0.8054298642533937,0.06787330316742081
35,C,0.05128205128205128,0.5565610859728507,0.3092006033182504,0.08295625942684766
36,U,0.07239819004524888,0.09049773755656108,0.23227752639517346,0.6048265460030166
37,C,0.06485671191553545,0.698340874811463,0.1297134238310709,0.10708898944193061
38,A,0.6455505279034691,0.09653092006033183,0.1568627450980392,0.10105580693815988
39,U,0.10105580693815988,0.0889894419306184,0.09049773755656108,0.7194570135746606
40,A,0.77526395173454,0.07390648567119155,0.05429864253393665,0.09653092006033183
41,A,0.755656108597285,0.06636500754147813,0.09049773755656108,0.08748114630467571
