position,wt_nucleotide,left_mutation_frequency,right_mutation_frequency,right_minus_left
1,A,0.39376053962900504,0.35214827295703455,-0.04161226667197049
2,A,0.40556492411467115,0.33614153327716934,-0.06942339083750182
3,G,0.42833052276559863,0.34709351305812974,-0.08123700970746889
4,G,0.44013490725126475,0.33951137320977254,-0.10062353404149221
5,A,0.3760539629005059,0.3133951137320977,-0.06265884916840819
6,C,0.40050590219224286,0.3058129738837405,-0.09469292830850234
7,A,0.38701517706576727,0.34625105307497894,-0.040764123990788326
8,C,0.3414839797639123,0.32687447346251053,-0.014609506301401787
9,U,0.4536256323777403,0.35214827295703455,-0.10147735942070574
10,A,0.3954468802698145,0.36731255265374896,-0.028134327616065546
11,A,0.4123102866779089,0.34625105307497894,-0.06605923360292998
12,G,0.42411467116357504,0.34962089300758215,-0.0744937781559929
13,U,0.40893760539629004,0.37489469250210616,-0.034042912894183874
14,A,0.40978077571669475,0.37152485256950296,-0.038255923147191784
15,C,0.3608768971332209,0.21145745577085087,-0.14941944136237004
16,A,0.3718381112984823,0.396798652064027,0.02496054076554466
17,G,0.3448566610455312,0.35046335299073295,0.005606691945201747
18,G,0.4418212478920742,0.33361415332771693,-0.10820709456435729
19,U,0.4527824620573356,0.36225779275484415,-0.09052466930249142
20,U,0.3676222596964587,0.4928390901432182,0.12521683044675952
21,G,0.17790893760539628,0.5812973883740522,0.4033884507686559
22,C,0.10623946037099494,0.5459140690817186,0.4396746087107236
23,U,0.3136593591905565,0.38331929233361417,0.06965993314305768
24,G,0.11804384485666104,0.5930918281381634,0.4750479832815024
25,G,0.13322091062394603,0.535804549283909,0.40258363865996294
26,C,0.3406408094435076,0.36478517270429656,0.024144363260788948
27,A,0.45784148397976393,0.42038753159224934,-0.03745395238751459
28,C,0.34654300168634067,0.3192923336141533,-0.027250668072187345
29,A,0.47217537942664417,0.3909014321819714,-0.0812739472446728
30,G,0.28583473861720066,0.2780117944397641,-0.007822944177436564
31,G,0.3102866779089376,0.2047177759056445,-0.10556890200329311
32,G,0.38954468802698144,0.3083403538331929,-0.08120433419378853
33,C,0.3988195615514334,0.3892165122156698,-0.009603049335763614
34,G,0.357504215851602,0.22999157540016849,-0.12751264045143354
35,C,0.42242833052276557,0.42038753159224934,-0.00204079893051623
36,U,0.3996627318718381,0.38416175231676497,-0.015500979555073124
37,C,0.3996627318718381,0.3192923336141533,-0.08037039825768477
38,A,0.40809443507588533,0.4026958719460826,-0.005398563129802747
39,U,0.39038785834738615,0.34793597304128054,-0.04245188530610561
40,A,0.3591905564924115,0.3243470935130581,-0.03484346297935337
41,A,0.3954468802698145,0.2796967144060657,-0.11575016586374881
